indicator_id,year,math_primary_score,data_quality,geo_group_type,geo_group_name
MATH.PRIMARY,2000,22.50883,UIS_EST,GPE,"Overall FY24, all 90 countries, December 2024"
MATH.PRIMARY,2000,71.70074,UIS_EST,SDG,Europe and Northern America
MATH.PRIMARY,2000,51.24175,UIS_EST,SDG,Latin America and the Caribbean
MATH.PRIMARY,2000,24.79222,UIS_EST,SDG,Northern Africa and Western Asia
MATH.PRIMARY,2000,61.73769,UIS_EST,SDG,Oceania
MATH.PRIMARY,2000,15.62852,UIS_EST,SDG,Sub-Saharan Africa
MATH.PRIMARY,2000,48.97526,UIS_EST,SDG,World
MATH.PRIMARY,2000,69.20924,UIS_EST,WB,High income (July 2025)
MATH.PRIMARY,2000,8.3217,UIS_EST,WB,Low income (July 2025)
MATH.PRIMARY,2000,55.54704,UIS_EST,WB,Upper middle income (July 2025)
MATH.PRIMARY,2001,22.31995,UIS_EST,GPE,"Overall FY24, all 90 countries, December 2024"
MATH.PRIMARY,2001,71.99553,UIS_EST,SDG,Europe and Northern America
MATH.PRIMARY,2001,50.41825,UIS_EST,SDG,Latin America and the Caribbean
MATH.PRIMARY,2001,25.18984,UIS_EST,SDG,Northern Africa and Western Asia
MATH.PRIMARY,2001,61.87788,UIS_EST,SDG,Oceania
MATH.PRIMARY,2001,15.39268,UIS_EST,SDG,Sub-Saharan Africa
MATH.PRIMARY,2001,48.72509,UIS_EST,SDG,World
MATH.PRIMARY,2001,69.35846,UIS_EST,WB,High income (July 2025)
MATH.PRIMARY,2001,8.406295,UIS_EST,WB,Low income (July 2025)
MATH.PRIMARY,2001,55.06286,UIS_EST,WB,Upper middle income (July 2025)
MATH.PRIMARY,2002,22.13107,UIS_EST,GPE,"Overall FY24, all 90 countries, December 2024"
MATH.PRIMARY,2002,72.29032,UIS_EST,SDG,Europe and Northern America
MATH.PRIMARY,2002,49.59475,UIS_EST,SDG,Latin America and the Caribbean
MATH.PRIMARY,2002,25.58747,UIS_EST,SDG,Northern Africa and Western Asia
MATH.PRIMARY,2002,62.01807,UIS_EST,SDG,Oceania
MATH.PRIMARY,2002,15.15684,UIS_EST,SDG,Sub-Saharan Africa
MATH.PRIMARY,2002,48.47491,UIS_EST,SDG,World
MATH.PRIMARY,2002,69.50768,UIS_EST,WB,High income (July 2025)
MATH.PRIMARY,2002,8.490891,UIS_EST,WB,Low income (July 2025)
MATH.PRIMARY,2002,54.57868,UIS_EST,WB,Upper middle income (July 2025)
MATH.PRIMARY,2003,42.74586308379887,Not specified,ARM,ARM
MATH.PRIMARY,2003,64.8630530260808,Not specified,AUS,AUS
MATH.PRIMARY,2003,90.01700919388914,Not specified,BEL,BEL
MATH.PRIMARY,2003,67.61257117921863,Not specified,CYP,CYP
MATH.PRIMARY,2003,74.58884008393989,Not specified,GBR,GBR
MATH.PRIMARY,2003,21.94218,UIS_EST,GPE,"Overall FY24, all 90 countries, December 2024"
MATH.PRIMARY,2003,93.57886205076282,Not specified,HKG,HKG
MATH.PRIMARY,2003,75.97319955485221,Not specified,HUN,HUN
MATH.PRIMARY,2003,16.56550716223953,Not specified,IRN,IRN
MATH.PRIMARY,2003,64.64685612231551,Not specified,ITA,ITA
MATH.PRIMARY,2003,78.93037732090772,Not specified,LTU,LTU
MATH.PRIMARY,2003,80.84263157715341,Not specified,LVA,LVA
MATH.PRIMARY,2003,8.129262334424066,Not specified,MAR,MAR
MATH.PRIMARY,2003,65.75610958057291,Not specified,MDA,MDA
MATH.PRIMARY,2003,88.71705372094875,Not specified,NLD,NLD
MATH.PRIMARY,2003,43.99862443734636,Not specified,NOR,NOR
MATH.PRIMARY,2003,60.99409230420817,Not specified,NZL,NZL
MATH.PRIMARY,2003,76.48347409636362,Not specified,RUS,RUS
MATH.PRIMARY,2003,72.58511,UIS_EST,SDG,Europe and Northern America
MATH.PRIMARY,2003,48.77124,UIS_EST,SDG,Latin America and the Caribbean
MATH.PRIMARY,2003,25.9851,UIS_EST,SDG,Northern Africa and Western Asia
MATH.PRIMARY,2003,62.15825,UIS_EST,SDG,Oceania
MATH.PRIMARY,2003,14.921,UIS_EST,SDG,Sub-Saharan Africa
MATH.PRIMARY,2003,48.22474,UIS_EST,SDG,World
MATH.PRIMARY,2003,91.2044291674606,Not specified,SGP,SGP
MATH.PRIMARY,2003,54.66023559543139,Not specified,SVN,SVN
MATH.PRIMARY,2003,8.938461795912694,Not specified,TUN,TUN
MATH.PRIMARY,2003,71.65905898519287,Not specified,USA,USA
MATH.PRIMARY,2003,69.65691,UIS_EST,WB,High income (July 2025)
MATH.PRIMARY,2003,8.575486,UIS_EST,WB,Low income (July 2025)
MATH.PRIMARY,2003,54.0945,UIS_EST,WB,Upper middle income (July 2025)
MATH.PRIMARY,2003,4.818329231741424,Not specified,YEM,YEM
MATH.PRIMARY,2004,21.7533,UIS_EST,GPE,"Overall FY24, all 90 countries, December 2024"
MATH.PRIMARY,2004,72.87991,UIS_EST,SDG,Europe and Northern America
MATH.PRIMARY,2004,47.94774,UIS_EST,SDG,Latin America and the Caribbean
MATH.PRIMARY,2004,26.38273,UIS_EST,SDG,Northern Africa and Western Asia
MATH.PRIMARY,2004,62.29844,UIS_EST,SDG,Oceania
MATH.PRIMARY,2004,14.68517,UIS_EST,SDG,Sub-Saharan Africa
MATH.PRIMARY,2004,47.97456,UIS_EST,SDG,World
MATH.PRIMARY,2004,69.80613,UIS_EST,WB,High income (July 2025)
MATH.PRIMARY,2004,8.660082,UIS_EST,WB,Low income (July 2025)
MATH.PRIMARY,2004,53.61032,UIS_EST,WB,Upper middle income (July 2025)
MATH.PRIMARY,2005,21.56442,UIS_EST,GPE,"Overall FY24, all 90 countries, December 2024"
MATH.PRIMARY,2005,73.17471,UIS_EST,SDG,Europe and Northern America
MATH.PRIMARY,2005,47.12424,UIS_EST,SDG,Latin America and the Caribbean
MATH.PRIMARY,2005,26.78036,UIS_EST,SDG,Northern Africa and Western Asia
MATH.PRIMARY,2005,62.43863,UIS_EST,SDG,Oceania
MATH.PRIMARY,2005,14.44933,UIS_EST,SDG,Sub-Saharan Africa
MATH.PRIMARY,2005,47.72438,UIS_EST,SDG,World
MATH.PRIMARY,2005,69.95535,UIS_EST,WB,High income (July 2025)
MATH.PRIMARY,2005,8.744678,UIS_EST,WB,Low income (July 2025)
MATH.PRIMARY,2005,53.12614,UIS_EST,WB,Upper middle income (July 2025)
MATH.PRIMARY,2006,48.59999999999999,Not specified,ARG,ARG
MATH.PRIMARY,2006,40.45,Not specified,BRA,BRA
MATH.PRIMARY,2006,16.5,Not specified,BWA,BWA
MATH.PRIMARY,2006,50.91,Not specified,CHL,CHL
MATH.PRIMARY,2006,38.06,Not specified,COL,COL
MATH.PRIMARY,2006,62.65000000000001,Not specified,CRI,CRI
MATH.PRIMARY,2006,7.09,Not specified,DOM,DOM
MATH.PRIMARY,2006,25.75,Not specified,ECU,ECU
MATH.PRIMARY,2006,21.37554,UIS_EST,GPE,"Overall FY24, all 90 countries, December 2024"
MATH.PRIMARY,2006,21.48,Not specified,GTM,GTM
MATH.PRIMARY,2006,5.3,Not specified,LSO,LSO
MATH.PRIMARY,2006,58.7,Not specified,MEX,MEX
MATH.PRIMARY,2006,5.0,Not specified,MOZ,MOZ
MATH.PRIMARY,2006,55.3,Not specified,MUS,MUS
MATH.PRIMARY,2006,1.7,Not specified,MWI,MWI
MATH.PRIMARY,2006,6.199999999999999,Not specified,NAM,NAM
MATH.PRIMARY,2006,21.17,Not specified,NIC,NIC
MATH.PRIMARY,2006,19.97,Not specified,PAN,PAN
MATH.PRIMARY,2006,38.19,Not specified,PER,PER
MATH.PRIMARY,2006,28.65,Not specified,PRY,PRY
MATH.PRIMARY,2006,73.4695,UIS_EST,SDG,Europe and Northern America
MATH.PRIMARY,2006,46.30074,UIS_EST,SDG,Latin America and the Caribbean
MATH.PRIMARY,2006,27.17799,UIS_EST,SDG,Northern Africa and Western Asia
MATH.PRIMARY,2006,62.57882,UIS_EST,SDG,Oceania
MATH.PRIMARY,2006,14.21349,UIS_EST,SDG,Sub-Saharan Africa
MATH.PRIMARY,2006,47.47421,UIS_EST,SDG,World
MATH.PRIMARY,2006,27.25876862863164,Not specified,SLV,SLV
MATH.PRIMARY,2006,18.6,Not specified,SWZ,SWZ
MATH.PRIMARY,2006,31.3,Not specified,SYC,SYC
MATH.PRIMARY,2006,31.5,Not specified,TZA,TZA
MATH.PRIMARY,2006,7.1,Not specified,UGA,UGA
MATH.PRIMARY,2006,72.72,Not specified,URY,URY
MATH.PRIMARY,2006,70.10458,UIS_EST,WB,High income (July 2025)
MATH.PRIMARY,2006,8.829273,UIS_EST,WB,Low income (July 2025)
MATH.PRIMARY,2006,52.64196,UIS_EST,WB,Upper middle income (July 2025)
MATH.PRIMARY,2006,15.5,Not specified,ZAF,ZAF
MATH.PRIMARY,2006,20.1,Not specified,ZWE,ZWE
MATH.PRIMARY,2007,59.9958138702788,Not specified,ARM,ARM
MATH.PRIMARY,2007,60.78500978459682,Not specified,AUS,AUS
MATH.PRIMARY,2007,68.8972658429082,Not specified,AUT,AUT
MATH.PRIMARY,2007,58.56876710581152,Not specified,CZE,CZE
MATH.PRIMARY,2007,78.48816167487335,Not specified,DEU,DEU
MATH.PRIMARY,2007,14.0670110851713,Not specified,DZA,DZA
MATH.PRIMARY,2007,78.87907050821867,Not specified,GBR,GBR
MATH.PRIMARY,2007,35.22814184875577,Not specified,GEO,GEO
MATH.PRIMARY,2007,21.18665,UIS_EST,GPE,"Overall FY24, all 90 countries, December 2024"
MATH.PRIMARY,2007,96.8204509211296,Not specified,HKG,HKG
MATH.PRIMARY,2007,67.13620360937998,Not specified,HUN,HUN
MATH.PRIMARY,2007,19.99404666944062,Not specified,IRN,IRN
MATH.PRIMARY,2007,67.272510482609,Not specified,ITA,ITA
MATH.PRIMARY,2007,81.08917897102386,Not specified,KAZ,KAZ
MATH.PRIMARY,2007,4.898847913506488,Not specified,KWT,KWT
MATH.PRIMARY,2007,77.32813942479001,Not specified,LTU,LTU
MATH.PRIMARY,2007,80.6736069345277,Not specified,LVA,LVA
MATH.PRIMARY,2007,8.557553431262598,Not specified,MAR,MAR
MATH.PRIMARY,2007,33.9374652314216,Not specified,MNG,MNG
MATH.PRIMARY,2007,83.78019955827551,Not specified,NLD,NLD
MATH.PRIMARY,2007,48.33251722054639,Not specified,NOR,NOR
MATH.PRIMARY,2007,60.52023400676571,Not specified,NZL,NZL
MATH.PRIMARY,2007,2.040486661869456,Not specified,QAT,QAT
MATH.PRIMARY,2007,80.52884058327452,Not specified,RUS,RUS
MATH.PRIMARY,2007,73.76429,UIS_EST,SDG,Europe and Northern America
MATH.PRIMARY,2007,45.47723,UIS_EST,SDG,Latin America and the Caribbean
MATH.PRIMARY,2007,27.57561,UIS_EST,SDG,Northern Africa and Western Asia
MATH.PRIMARY,2007,62.71901,UIS_EST,SDG,Oceania
MATH.PRIMARY,2007,13.97766,UIS_EST,SDG,Sub-Saharan Africa
MATH.PRIMARY,2007,47.22404,UIS_EST,SDG,World
MATH.PRIMARY,2007,91.75430927821223,Not specified,SGP,SGP
MATH.PRIMARY,2007,63.16604723454578,Not specified,SVK,SVK
MATH.PRIMARY,2007,66.63961858973128,Not specified,SVN,SVN
MATH.PRIMARY,2007,67.58782441950913,Not specified,SWE,SWE
MATH.PRIMARY,2007,8.802058900692469,Not specified,TUN,TUN
MATH.PRIMARY,2007,50.1730573192561,Not specified,UKR,UKR
MATH.PRIMARY,2007,76.74421976287195,Not specified,USA,USA
MATH.PRIMARY,2007,70.2538,UIS_EST,WB,High income (July 2025)
MATH.PRIMARY,2007,8.913869,UIS_EST,WB,Low income (July 2025)
MATH.PRIMARY,2007,52.15778,UIS_EST,WB,Upper middle income (July 2025)
MATH.PRIMARY,2007,1.289279477367937,Not specified,YEM,YEM
MATH.PRIMARY,2008,20.99777,UIS_EST,GPE,"Overall FY24, all 90 countries, December 2024"
MATH.PRIMARY,2008,74.05909,UIS_EST,SDG,Europe and Northern America
MATH.PRIMARY,2008,44.65373,UIS_EST,SDG,Latin America and the Caribbean
MATH.PRIMARY,2008,27.97324,UIS_EST,SDG,Northern Africa and Western Asia
MATH.PRIMARY,2008,62.8592,UIS_EST,SDG,Oceania
MATH.PRIMARY,2008,13.74182,UIS_EST,SDG,Sub-Saharan Africa
MATH.PRIMARY,2008,46.97386,UIS_EST,SDG,World
MATH.PRIMARY,2008,70.40302,UIS_EST,WB,High income (July 2025)
MATH.PRIMARY,2008,8.998465,UIS_EST,WB,Low income (July 2025)
MATH.PRIMARY,2008,51.6736,UIS_EST,WB,Upper middle income (July 2025)
MATH.PRIMARY,2009,20.80889,UIS_EST,GPE,"Overall FY24, all 90 countries, December 2024"
MATH.PRIMARY,2009,74.35388,UIS_EST,SDG,Europe and Northern America
MATH.PRIMARY,2009,43.83023,UIS_EST,SDG,Latin America and the Caribbean
MATH.PRIMARY,2009,28.37087,UIS_EST,SDG,Northern Africa and Western Asia
MATH.PRIMARY,2009,62.99939,UIS_EST,SDG,Oceania
MATH.PRIMARY,2009,13.50598,UIS_EST,SDG,Sub-Saharan Africa
MATH.PRIMARY,2009,46.72369,UIS_EST,SDG,World
MATH.PRIMARY,2009,70.55225,UIS_EST,WB,High income (July 2025)
MATH.PRIMARY,2009,9.08306,UIS_EST,WB,Low income (July 2025)
MATH.PRIMARY,2009,51.18942,UIS_EST,WB,Upper middle income (July 2025)
MATH.PRIMARY,2010,20.62001,UIS_EST,GPE,"Overall FY24, all 90 countries, December 2024"
MATH.PRIMARY,2010,74.64867,UIS_EST,SDG,Europe and Northern America
MATH.PRIMARY,2010,43.00673,UIS_EST,SDG,Latin America and the Caribbean
MATH.PRIMARY,2010,28.7685,UIS_EST,SDG,Northern Africa and Western Asia
MATH.PRIMARY,2010,63.13958,UIS_EST,SDG,Oceania
MATH.PRIMARY,2010,13.27015,UIS_EST,SDG,Sub-Saharan Africa
MATH.PRIMARY,2010,46.47351,UIS_EST,SDG,World
MATH.PRIMARY,2010,70.70147,UIS_EST,WB,High income (July 2025)
MATH.PRIMARY,2010,9.167656,UIS_EST,WB,Low income (July 2025)
MATH.PRIMARY,2010,50.70524,UIS_EST,WB,Upper middle income (July 2025)
MATH.PRIMARY,2011,35.00931477096746,Not specified,ARE,ARE
MATH.PRIMARY,2011,40.91932605084993,Not specified,ARM,ARM
MATH.PRIMARY,2011,62.94128635218912,Not specified,AUS,AUS
MATH.PRIMARY,2011,70.43404850706776,Not specified,AUT,AUT
MATH.PRIMARY,2011,46.41993943742233,Not specified,AZE,AZE
MATH.PRIMARY,2011,89.23521796143706,Not specified,BEL,BEL
MATH.PRIMARY,2011,33.8327657063392,Not specified,BHR,BHR
MATH.PRIMARY,2011,71.79266035773877,Not specified,CZE,CZE
MATH.PRIMARY,2011,80.72361220539398,Not specified,DEU,DEU
MATH.PRIMARY,2011,56.22464435192363,Not specified,ESP,ESP
MATH.PRIMARY,2011,84.66515783794938,Not specified,FIN,FIN
MATH.PRIMARY,2011,77.63047987723004,Not specified,GBR,GBR
MATH.PRIMARY,2011,41.2560406874593,Not specified,GEO,GEO
MATH.PRIMARY,2011,20.43112,UIS_EST,GPE,"Overall FY24, all 90 countries, December 2024"
MATH.PRIMARY,2011,96.16563201826666,Not specified,HKG,HKG
MATH.PRIMARY,2011,60.42025051605598,Not specified,HRV,HRV
MATH.PRIMARY,2011,70.3894203159257,Not specified,HUN,HUN
MATH.PRIMARY,2011,33.21681682939265,Not specified,IRN,IRN
MATH.PRIMARY,2011,68.7333808322442,Not specified,ITA,ITA
MATH.PRIMARY,2011,61.76095750796917,Not specified,KAZ,KAZ
MATH.PRIMARY,2011,96.6250624829496,Not specified,KOR,KOR
MATH.PRIMARY,2011,9.029641657123726,Not specified,KWT,KWT
MATH.PRIMARY,2011,79.0795469028904,Not specified,LTU,LTU
MATH.PRIMARY,2011,9.597165369110376,Not specified,MAR,MAR
MATH.PRIMARY,2011,63.12836334990752,Not specified,MLT,MLT
MATH.PRIMARY,2011,88.42680291167748,Not specified,NLD,NLD
MATH.PRIMARY,2011,51.35731627643724,Not specified,NOR,NOR
MATH.PRIMARY,2011,58.03128003552253,Not specified,NZL,NZL
MATH.PRIMARY,2011,20.28378529421658,Not specified,OMN,OMN
MATH.PRIMARY,2011,55.6451242379906,Not specified,POL,POL
MATH.PRIMARY,2011,80.46899309196702,Not specified,PRT,PRT
MATH.PRIMARY,2011,28.85225498814151,Not specified,QAT,QAT
MATH.PRIMARY,2011,57.02512746729093,Not specified,ROU,ROU
MATH.PRIMARY,2011,81.82249231636442,Not specified,RUS,RUS
MATH.PRIMARY,2011,24.39449133418811,Not specified,SAU,SAU
MATH.PRIMARY,2011,74.94347,UIS_EST,SDG,Europe and Northern America
MATH.PRIMARY,2011,42.18322,UIS_EST,SDG,Latin America and the Caribbean
MATH.PRIMARY,2011,29.16613,UIS_EST,SDG,Northern Africa and Western Asia
MATH.PRIMARY,2011,63.27977,UIS_EST,SDG,Oceania
MATH.PRIMARY,2011,13.03431,UIS_EST,SDG,Sub-Saharan Africa
MATH.PRIMARY,2011,46.22334,UIS_EST,SDG,World
MATH.PRIMARY,2011,93.873531645187,Not specified,SGP,SGP
MATH.PRIMARY,2011,69.72543769761864,Not specified,SRB,SRB
MATH.PRIMARY,2011,68.79612381483655,Not specified,SVK,SVK
MATH.PRIMARY,2011,72.04480433166616,Not specified,SVN,SVN
MATH.PRIMARY,2011,68.51664016683863,Not specified,SWE,SWE
MATH.PRIMARY,2011,43.4057224122588,Not specified,THA,THA
MATH.PRIMARY,2011,11.28824370435682,Not specified,TUN,TUN
MATH.PRIMARY,2011,51.02145755179773,Not specified,TUR,TUR
MATH.PRIMARY,2011,80.97027825341776,Not specified,USA,USA
MATH.PRIMARY,2011,70.85069,UIS_EST,WB,High income (July 2025)
MATH.PRIMARY,2011,9.252251,UIS_EST,WB,Low income (July 2025)
MATH.PRIMARY,2011,50.22107,UIS_EST,WB,Upper middle income (July 2025)
MATH.PRIMARY,2011,2.32530792728553,Not specified,YEM,YEM
MATH.PRIMARY,2012,20.24224,UIS_EST,GPE,"Overall FY24, all 90 countries, December 2024"
MATH.PRIMARY,2012,75.23827,UIS_EST,SDG,Europe and Northern America
MATH.PRIMARY,2012,41.35972,UIS_EST,SDG,Latin America and the Caribbean
MATH.PRIMARY,2012,29.56376,UIS_EST,SDG,Northern Africa and Western Asia
MATH.PRIMARY,2012,63.41996,UIS_EST,SDG,Oceania
MATH.PRIMARY,2012,12.79847,UIS_EST,SDG,Sub-Saharan Africa
MATH.PRIMARY,2012,45.97316,UIS_EST,SDG,World
MATH.PRIMARY,2012,70.99992,UIS_EST,WB,High income (July 2025)
MATH.PRIMARY,2012,9.336846,UIS_EST,WB,Low income (July 2025)
MATH.PRIMARY,2012,49.73689,UIS_EST,WB,Upper middle income (July 2025)
MATH.PRIMARY,2013,20.7,Not specified,ARG,ARG
MATH.PRIMARY,2013,16.6,Not specified,BRA,BRA
MATH.PRIMARY,2013,36.6,Not specified,BWA,BWA
MATH.PRIMARY,2013,44.3,Not specified,CHL,CHL
MATH.PRIMARY,2013,15.4,Not specified,COL,COL
MATH.PRIMARY,2013,21.2,Not specified,CRI,CRI
MATH.PRIMARY,2013,1.5,Not specified,DOM,DOM
MATH.PRIMARY,2013,14.1,Not specified,ECU,ECU
MATH.PRIMARY,2013,20.05336,UIS_EST,GPE,"Overall FY24, all 90 countries, December 2024"
MATH.PRIMARY,2013,8.7,Not specified,GTM,GTM
MATH.PRIMARY,2013,6.7,Not specified,HND,HND
MATH.PRIMARY,2013,9.5,Not specified,LSO,LSO
MATH.PRIMARY,2013,44.7,Not specified,MEX,MEX
MATH.PRIMARY,2013,15.2,Not specified,MOZ,MOZ
MATH.PRIMARY,2013,59.0,Not specified,MUS,MUS
MATH.PRIMARY,2013,4.1,Not specified,MWI,MWI
MATH.PRIMARY,2013,17.4,Not specified,NAM,NAM
MATH.PRIMARY,2013,2.9,Not specified,NIC,NIC
MATH.PRIMARY,2013,4.3,Not specified,PAN,PAN
MATH.PRIMARY,2013,22.7,Not specified,PER,PER
MATH.PRIMARY,2013,5.899999999999999,Not specified,PRY,PRY
MATH.PRIMARY,2013,75.53306,UIS_EST,SDG,Europe and Northern America
MATH.PRIMARY,2013,40.53622,UIS_EST,SDG,Latin America and the Caribbean
MATH.PRIMARY,2013,29.96139,UIS_EST,SDG,Northern Africa and Western Asia
MATH.PRIMARY,2013,63.56015,UIS_EST,SDG,Oceania
MATH.PRIMARY,2013,12.56263,UIS_EST,SDG,Sub-Saharan Africa
MATH.PRIMARY,2013,45.72298,UIS_EST,SDG,World
MATH.PRIMARY,2013,37.4,Not specified,SWZ,SWZ
MATH.PRIMARY,2013,52.4,Not specified,SYC,SYC
MATH.PRIMARY,2013,8.1,Not specified,TZA,TZA
MATH.PRIMARY,2013,20.7,Not specified,UGA,UGA
MATH.PRIMARY,2013,37.5,Not specified,URY,URY
MATH.PRIMARY,2013,71.14914,UIS_EST,WB,High income (July 2025)
MATH.PRIMARY,2013,9.421442,UIS_EST,WB,Low income (July 2025)
MATH.PRIMARY,2013,49.2527,UIS_EST,WB,Upper middle income (July 2025)
MATH.PRIMARY,2013,29.7,Not specified,ZAF,ZAF
MATH.PRIMARY,2013,23.4,Not specified,ZWE,ZWE
MATH.PRIMARY,2014,39.9,Not specified,BDI,BDI
MATH.PRIMARY,2014,10.8,Not specified,BEN,BEN
MATH.PRIMARY,2014,21.9,Not specified,BFA,BFA
MATH.PRIMARY,2014,3.1,Not specified,CIV,CIV
MATH.PRIMARY,2014,11.8,Not specified,CMR,CMR
MATH.PRIMARY,2014,5.9,Not specified,COG,COG
MATH.PRIMARY,2014,19.86448,UIS_EST,GPE,"Overall FY24, all 90 countries, December 2024"
MATH.PRIMARY,2014,1.4,Not specified,NER,NER
MATH.PRIMARY,2014,75.82785,UIS_EST,SDG,Europe and Northern America
MATH.PRIMARY,2014,39.71272,UIS_EST,SDG,Latin America and the Caribbean
MATH.PRIMARY,2014,30.35902,UIS_EST,SDG,Northern Africa and Western Asia
MATH.PRIMARY,2014,63.70034,UIS_EST,SDG,Oceania
MATH.PRIMARY,2014,12.3268,UIS_EST,SDG,Sub-Saharan Africa
MATH.PRIMARY,2014,45.47281,UIS_EST,SDG,World
MATH.PRIMARY,2014,29.1,Not specified,SEN,SEN
MATH.PRIMARY,2014,3.0,Not specified,TCD,TCD
MATH.PRIMARY,2014,19.7,Not specified,TGO,TGO
MATH.PRIMARY,2014,71.29836,UIS_EST,WB,High income (July 2025)
MATH.PRIMARY,2014,9.506038,UIS_EST,WB,Low income (July 2025)
MATH.PRIMARY,2014,48.76853,UIS_EST,WB,Upper middle income (July 2025)
MATH.PRIMARY,2015,42.47980492894305,Not specified,ARE,ARE
MATH.PRIMARY,2015,54.56382307948197,Not specified,ARM,ARM
MATH.PRIMARY,2015,64.43291417144172,Not specified,AUS,AUS
MATH.PRIMARY,2015,87.87937141497613,Not specified,BEL,BEL
MATH.PRIMARY,2015,75.1170647254078,Not specified,BGR,BGR
MATH.PRIMARY,2015,39.9338284933619,Not specified,BHR,BHR
MATH.PRIMARY,2015,69.4359086926293,Not specified,CAN,CAN
MATH.PRIMARY,2015,73.75824404650177,Not specified,CYP,CYP
MATH.PRIMARY,2015,78.41877323983356,Not specified,CZE,CZE
MATH.PRIMARY,2015,76.73477912788002,Not specified,DEU,DEU
MATH.PRIMARY,2015,67.43360028842592,Not specified,ESP,ESP
MATH.PRIMARY,2015,82.19812604067342,Not specified,FIN,FIN
MATH.PRIMARY,2015,58.06874691239746,Not specified,FRA,FRA
MATH.PRIMARY,2015,80.01890178215358,Not specified,GBR,GBR
MATH.PRIMARY,2015,47.26422672877472,Not specified,GEO,GEO
MATH.PRIMARY,2015,19.67559,UIS_EST,GPE,"Overall FY24, all 90 countries, December 2024"
MATH.PRIMARY,2015,97.79838696157375,Not specified,HKG,HKG
MATH.PRIMARY,2015,67.45962920131754,Not specified,HRV,HRV
MATH.PRIMARY,2015,74.91240402984005,Not specified,HUN,HUN
MATH.PRIMARY,2015,17.53670905908195,Not specified,IDN,IDN
MATH.PRIMARY,2015,32.73412274478652,Not specified,IRN,IRN
MATH.PRIMARY,2015,68.6788491366287,Not specified,ITA,ITA
MATH.PRIMARY,2015,79.67441289175513,Not specified,KAZ,KAZ
MATH.PRIMARY,2015,96.85165718485432,Not specified,KOR,KOR
MATH.PRIMARY,2015,11.73821157256235,Not specified,KWT,KWT
MATH.PRIMARY,2015,80.65363326421055,Not specified,LTU,LTU
MATH.PRIMARY,2015,15.68734872180166,Not specified,MAR,MAR
MATH.PRIMARY,2015,4.7,Not specified,MDG,MDG
MATH.PRIMARY,2015,82.98219759201675,Not specified,NLD,NLD
MATH.PRIMARY,2015,70.3646975100414,Not specified,NOR,NOR
MATH.PRIMARY,2015,58.64665871163061,Not specified,NZL,NZL
MATH.PRIMARY,2015,32.11640169934955,Not specified,OMN,OMN
MATH.PRIMARY,2015,79.82845644994197,Not specified,POL,POL
MATH.PRIMARY,2015,81.76297375652892,Not specified,PRT,PRT
MATH.PRIMARY,2015,36.38834193307271,Not specified,QAT,QAT
MATH.PRIMARY,2015,88.94080214696402,Not specified,RUS,RUS
MATH.PRIMARY,2015,16.21136686470314,Not specified,SAU,SAU
MATH.PRIMARY,2015,76.12265,UIS_EST,SDG,Europe and Northern America
MATH.PRIMARY,2015,38.88922,UIS_EST,SDG,Latin America and the Caribbean
MATH.PRIMARY,2015,30.75664,UIS_EST,SDG,Northern Africa and Western Asia
MATH.PRIMARY,2015,63.84053,UIS_EST,SDG,Oceania
MATH.PRIMARY,2015,12.09096,UIS_EST,SDG,Sub-Saharan Africa
MATH.PRIMARY,2015,45.22264,UIS_EST,SDG,World
MATH.PRIMARY,2015,93.3919353576759,Not specified,SGP,SGP
MATH.PRIMARY,2015,71.6454261266816,Not specified,SRB,SRB
MATH.PRIMARY,2015,65.03987613486183,Not specified,SVK,SVK
MATH.PRIMARY,2015,75.48252237258751,Not specified,SVN,SVN
MATH.PRIMARY,2015,74.90515585526164,Not specified,SWE,SWE
MATH.PRIMARY,2015,57.09063054998747,Not specified,TUR,TUR
MATH.PRIMARY,2015,78.6484698747518,Not specified,USA,USA
MATH.PRIMARY,2015,71.44759,UIS_EST,WB,High income (July 2025)
MATH.PRIMARY,2015,9.590633,UIS_EST,WB,Low income (July 2025)
MATH.PRIMARY,2015,48.28435,UIS_EST,WB,Upper middle income (July 2025)
MATH.PRIMARY,2016,19.48671,UIS_EST,GPE,"Overall FY24, all 90 countries, December 2024"
MATH.PRIMARY,2016,76.41744,UIS_EST,SDG,Europe and Northern America
MATH.PRIMARY,2016,38.06571,UIS_EST,SDG,Latin America and the Caribbean
MATH.PRIMARY,2016,31.15427,UIS_EST,SDG,Northern Africa and Western Asia
MATH.PRIMARY,2016,63.98072,UIS_EST,SDG,Oceania
MATH.PRIMARY,2016,11.85512,UIS_EST,SDG,Sub-Saharan Africa
MATH.PRIMARY,2016,44.97246,UIS_EST,SDG,World
MATH.PRIMARY,2016,71.59681,UIS_EST,WB,High income (July 2025)
MATH.PRIMARY,2016,9.675229,UIS_EST,WB,Low income (July 2025)
MATH.PRIMARY,2016,47.80017,UIS_EST,WB,Upper middle income (July 2025)
MATH.PRIMARY,2016,3.5,Not specified,ZMB,ZMB
MATH.PRIMARY,2017,7.7,Not specified,BOL,BOL
MATH.PRIMARY,2017,19.29783,UIS_EST,GPE,"Overall FY24, all 90 countries, December 2024"
MATH.PRIMARY,2017,76.71223,UIS_EST,SDG,Europe and Northern America
MATH.PRIMARY,2017,37.24221,UIS_EST,SDG,Latin America and the Caribbean
MATH.PRIMARY,2017,31.5519,UIS_EST,SDG,Northern Africa and Western Asia
MATH.PRIMARY,2017,64.1209,UIS_EST,SDG,Oceania
MATH.PRIMARY,2017,11.61929,UIS_EST,SDG,Sub-Saharan Africa
MATH.PRIMARY,2017,44.72229,UIS_EST,SDG,World
MATH.PRIMARY,2017,71.74603,UIS_EST,WB,High income (July 2025)
MATH.PRIMARY,2017,9.759825,UIS_EST,WB,Low income (July 2025)
MATH.PRIMARY,2017,47.31599,UIS_EST,WB,Upper middle income (July 2025)
MATH.PRIMARY,2018,19.10895,UIS_EST,GPE,"Overall FY24, all 90 countries, December 2024"
MATH.PRIMARY,2018,77.00703,UIS_EST,SDG,Europe and Northern America
MATH.PRIMARY,2018,36.41871,UIS_EST,SDG,Latin America and the Caribbean
MATH.PRIMARY,2018,31.94953,UIS_EST,SDG,Northern Africa and Western Asia
MATH.PRIMARY,2018,64.26109,UIS_EST,SDG,Oceania
MATH.PRIMARY,2018,11.38345,UIS_EST,SDG,Sub-Saharan Africa
MATH.PRIMARY,2018,44.47211,UIS_EST,SDG,World
MATH.PRIMARY,2018,71.89526,UIS_EST,WB,High income (July 2025)
MATH.PRIMARY,2018,9.84442,UIS_EST,WB,Low income (July 2025)
MATH.PRIMARY,2018,46.83181,UIS_EST,WB,Upper middle income (July 2025)
MATH.PRIMARY,2019,61.75175642116626,Not specified,ALB,ALB
MATH.PRIMARY,2019,53.41598241707761,Not specified,ARE,ARE
MATH.PRIMARY,2019,13.1,Not specified,ARG,ARG
MATH.PRIMARY,2019,64.34171420315991,Not specified,ARM,ARM
MATH.PRIMARY,2019,67.95150231578201,Not specified,AUS,AUS
MATH.PRIMARY,2019,83.55019014998616,Not specified,AUT,AUT
MATH.PRIMARY,2019,71.74673648850059,Not specified,AZE,AZE
MATH.PRIMARY,2019,18.0,Not specified,BDI,BDI
MATH.PRIMARY,2019,80.14717124423431,Not specified,BEL,BEL
MATH.PRIMARY,2019,19.1,Not specified,BEN,BEN
MATH.PRIMARY,2019,25.0,Not specified,BFA,BFA
MATH.PRIMARY,2019,70.8579967692463,Not specified,BGR,BGR
MATH.PRIMARY,2019,54.17750655915576,Not specified,BHR,BHR
MATH.PRIMARY,2019,39.55166801770545,Not specified,BIH,BIH
MATH.PRIMARY,2019,28.8,Not specified,BRA,BRA
MATH.PRIMARY,2019,68.7205556070746,Not specified,CAN,CAN
MATH.PRIMARY,2019,2.6,Not specified,CIV,CIV
MATH.PRIMARY,2019,11.1,Not specified,CMR,CMR
MATH.PRIMARY,2019,3.2,Not specified,COD,COD
MATH.PRIMARY,2019,7.7,Not specified,COG,COG
MATH.PRIMARY,2019,16.6,Not specified,COL,COL
MATH.PRIMARY,2019,20.9,Not specified,CRI,CRI
MATH.PRIMARY,2019,20.7,Not specified,CUB,CUB
MATH.PRIMARY,2019,76.91920305072213,Not specified,CYP,CYP
MATH.PRIMARY,2019,78.42740731232398,Not specified,CZE,CZE
MATH.PRIMARY,2019,74.64572872396388,Not specified,DEU,DEU
MATH.PRIMARY,2019,2.1,Not specified,DOM,DOM
MATH.PRIMARY,2019,22.9,Not specified,ECU,ECU
MATH.PRIMARY,2019,65.36399780840866,Not specified,ESP,ESP
MATH.PRIMARY,2019,78.04992681951627,Not specified,FIN,FIN
MATH.PRIMARY,2019,56.65545511620743,Not specified,FRA,FRA
MATH.PRIMARY,2019,22.9,Not specified,GAB,GAB
MATH.PRIMARY,2019,82.76576510125166,Not specified,GBR,GBR
MATH.PRIMARY,2019,55.8179093196503,Not specified,GEO,GEO
MATH.PRIMARY,2019,6.8,Not specified,GIN,GIN
MATH.PRIMARY,2019,18.92006,UIS_EST,GPE,"Overall FY24, all 90 countries, December 2024"
MATH.PRIMARY,2019,6.7,Not specified,GTM,GTM
MATH.PRIMARY,2019,95.55636922624387,Not specified,HKG,HKG
MATH.PRIMARY,2019,11.2,Not specified,HND,HND
MATH.PRIMARY,2019,70.00588512384495,Not specified,HRV,HRV
MATH.PRIMARY,2019,73.63839515824803,Not specified,HUN,HUN
MATH.PRIMARY,2019,38.87119494603301,Not specified,IRN,IRN
MATH.PRIMARY,2019,72.96109964470728,Not specified,ITA,ITA
MATH.PRIMARY,2019,70.81777598469205,Not specified,KAZ,KAZ
MATH.PRIMARY,2019,79.7,Not specified,KEN,KEN
MATH.PRIMARY,2019,18.0,Not specified,KHM,KHM
MATH.PRIMARY,2019,95.1819000388506,Not specified,KOR,KOR
MATH.PRIMARY,2019,21.46561763075422,Not specified,KWT,KWT
MATH.PRIMARY,2019,7.9,Not specified,LAO,LAO
MATH.PRIMARY,2019,81.42223093161361,Not specified,LTU,LTU
MATH.PRIMARY,2019,84.50321484900918,Not specified,LVA,LVA
MATH.PRIMARY,2019,18.46390147425312,Not specified,MAR,MAR
MATH.PRIMARY,2019,6.3,Not specified,MDG,MDG
MATH.PRIMARY,2019,38.0,Not specified,MEX,MEX
MATH.PRIMARY,2019,51.53475387487079,Not specified,MKD,MKD
MATH.PRIMARY,2019,69.07995403657425,Not specified,MLT,MLT
MATH.PRIMARY,2019,12.0,Not specified,MMR,MMR
MATH.PRIMARY,2019,42.99140995226284,Not specified,MNE,MNE
MATH.PRIMARY,2019,64.0,Not specified,MYS,MYS
MATH.PRIMARY,2019,7.9,Not specified,NER,NER
MATH.PRIMARY,2019,3.1,Not specified,NIC,NIC
MATH.PRIMARY,2019,84.10747994238922,Not specified,NLD,NLD
MATH.PRIMARY,2019,64.65546421091803,Not specified,NOR,NOR
MATH.PRIMARY,2019,55.89093535729589,Not specified,NZL,NZL
MATH.PRIMARY,2019,33.09714048354954,Not specified,OMN,OMN
MATH.PRIMARY,2019,7.508698900938044,Not specified,PAK,PAK
MATH.PRIMARY,2019,3.3,Not specified,PAN,PAN
MATH.PRIMARY,2019,38.9,Not specified,PER,PER
MATH.PRIMARY,2019,17.0,Not specified,PHL,PHL
MATH.PRIMARY,2019,73.21523171540558,Not specified,POL,POL
MATH.PRIMARY,2019,73.79873784999882,Not specified,PRT,PRT
MATH.PRIMARY,2019,5.600000000000001,Not specified,PRY,PRY
MATH.PRIMARY,2019,39.82293798362372,Not specified,QAT,QAT
MATH.PRIMARY,2019,90.89230507977214,Not specified,RUS,RUS
MATH.PRIMARY,2019,23.10940347529687,Not specified,SAU,SAU
MATH.PRIMARY,2019,77.30183,UIS_EST,SDG,Europe and Northern America
MATH.PRIMARY,2019,35.59521,UIS_EST,SDG,Latin America and the Caribbean
MATH.PRIMARY,2019,32.34716,UIS_EST,SDG,Northern Africa and Western Asia
MATH.PRIMARY,2019,64.40128,UIS_EST,SDG,Oceania
MATH.PRIMARY,2019,11.14761,UIS_EST,SDG,Sub-Saharan Africa
MATH.PRIMARY,2019,44.22194,UIS_EST,SDG,World
MATH.PRIMARY,2019,27.2,Not specified,SEN,SEN
MATH.PRIMARY,2019,95.50691161431972,Not specified,SGP,SGP
MATH.PRIMARY,2019,7.6,Not specified,SLV,SLV
MATH.PRIMARY,2019,67.94842643524777,Not specified,SRB,SRB
MATH.PRIMARY,2019,71.2003617257711,Not specified,SVK,SVK
MATH.PRIMARY,2019,74.3792630385952,Not specified,SWE,SWE
MATH.PRIMARY,2019,1.8,Not specified,TCD,TCD
MATH.PRIMARY,2019,15.9,Not specified,TGO,TGO
MATH.PRIMARY,2019,70.42283735090412,Not specified,TUR,TUR
MATH.PRIMARY,2019,38.0,Not specified,URY,URY
MATH.PRIMARY,2019,76.57600521499123,Not specified,USA,USA
MATH.PRIMARY,2019,91.0,Not specified,VNM,VNM
MATH.PRIMARY,2019,72.04448,UIS_EST,WB,High income (July 2025)
MATH.PRIMARY,2019,9.929016,UIS_EST,WB,Low income (July 2025)
MATH.PRIMARY,2019,46.34763,UIS_EST,WB,Upper middle income (July 2025)
MATH.PRIMARY,2021,62.91999999999999,Not specified,COK,COK
MATH.PRIMARY,2021,66.43,Not specified,FJI,FJI
MATH.PRIMARY,2021,44.55,Not specified,FSM,FSM
MATH.PRIMARY,2021,74.1,Not specified,KEN,KEN
MATH.PRIMARY,2021,53.12,Not specified,KIR,KIR
MATH.PRIMARY,2021,38.13,Not specified,MHL,MHL
MATH.PRIMARY,2021,81.94999999999999,Not specified,NIU,NIU
MATH.PRIMARY,2021,91.73,Not specified,PLW,PLW
MATH.PRIMARY,2021,55.35,Not specified,PNG,PNG
MATH.PRIMARY,2021,86.35,Not specified,SLB,SLB
MATH.PRIMARY,2021,66.64999999999999,Not specified,TKL,TKL
MATH.PRIMARY,2021,75.26,Not specified,TON,TON
MATH.PRIMARY,2021,54.67,Not specified,TUV,TUV
MATH.PRIMARY,2021,2.1,Not specified,ZMB,ZMB
MATH.PRIMARY,2023,68.33000000000001,Not specified,ALB,ALB
MATH.PRIMARY,2023,60.2,Not specified,ARE,ARE
MATH.PRIMARY,2023,72.27,Not specified,ARM,ARM
MATH.PRIMARY,2023,64.1,Not specified,AUS,AUS
MATH.PRIMARY,2023,60.77,Not specified,AZE,AZE
MATH.PRIMARY,2023,73.06,Not specified,BEL,BEL
MATH.PRIMARY,2023,74.25,Not specified,BGR,BGR
MATH.PRIMARY,2023,45.48,Not specified,BHR,BHR
MATH.PRIMARY,2023,37.59,Not specified,BIH,BIH
MATH.PRIMARY,2023,64.67999999999999,Not specified,CAN,CAN
MATH.PRIMARY,2023,70.96,Not specified,CYP,CYP
MATH.PRIMARY,2023,77.89,Not specified,CZE,CZE
MATH.PRIMARY,2023,74.88,Not specified,DEU,DEU
MATH.PRIMARY,2023,62.25000000000001,Not specified,ESP,ESP
MATH.PRIMARY,2023,76.39,Not specified,FIN,FIN
MATH.PRIMARY,2023,56.33,Not specified,FRA,FRA
MATH.PRIMARY,2023,80.14,Not specified,GBR,GBR
MATH.PRIMARY,2023,63.09,Not specified,GEO,GEO
MATH.PRIMARY,2023,91.0,Not specified,HKG,HKG
MATH.PRIMARY,2023,70.89999999999999,Not specified,HUN,HUN
MATH.PRIMARY,2023,31.16,Not specified,IRN,IRN
MATH.PRIMARY,2023,69.21,Not specified,ITA,ITA
MATH.PRIMARY,2023,32.17,Not specified,JOR,JOR
MATH.PRIMARY,2023,56.48999999999999,Not specified,KAZ,KAZ
MATH.PRIMARY,2023,36.9,Not specified,KEN,KEN
MATH.PRIMARY,2023,93.42,Not specified,KOR,KOR
MATH.PRIMARY,2023,22.05,Not specified,KWT,KWT
MATH.PRIMARY,2023,19.7,Not specified,LSO,LSO
MATH.PRIMARY,2023,86.55,Not specified,LTU,LTU
MATH.PRIMARY,2023,78.00999999999999,Not specified,LVA,LVA
MATH.PRIMARY,2023,90.34,Not specified,MAC,MAC
MATH.PRIMARY,2023,21.68,Not specified,MAR,MAR
MATH.PRIMARY,2023,51.04,Not specified,MKD,MKD
MATH.PRIMARY,2023,53.35,Not specified,MNE,MNE
MATH.PRIMARY,2023,83.11,Not specified,NLD,NLD
MATH.PRIMARY,2023,62.73,Not specified,NOR,NOR
MATH.PRIMARY,2023,56.72,Not specified,NZL,NZL
MATH.PRIMARY,2023,29.24,Not specified,OMN,OMN
MATH.PRIMARY,2023,82.96,Not specified,POL,POL
MATH.PRIMARY,2023,69.82,Not specified,PRT,PRT
MATH.PRIMARY,2023,46.45999999999999,Not specified,QAT,QAT
MATH.PRIMARY,2023,78.47,Not specified,ROU,ROU
MATH.PRIMARY,2023,28.83,Not specified,SAU,SAU
MATH.PRIMARY,2023,92.69,Not specified,SGP,SGP
MATH.PRIMARY,2023,73.78,Not specified,SRB,SRB
MATH.PRIMARY,2023,72.99,Not specified,SVK,SVK
MATH.PRIMARY,2023,70.8,Not specified,SVN,SVN
MATH.PRIMARY,2023,76.89,Not specified,SWE,SWE
MATH.PRIMARY,2023,78.64,Not specified,TUR,TUR
MATH.PRIMARY,2023,67.84,Not specified,USA,USA
MATH.PRIMARY,2023,34.95999999999999,Not specified,UZB,UZB
MATH.PRIMARY,2023,16.0,Not specified,ZMB,ZMB
